"variable","mean","sd"
"forest_cover",0.863729167729616,0.0408447889198444
"pr_ann",947.506944444444,200.560020018345
"elevation",1938.45138888889,460.32457126157
