"variable","mean","sd"
"forest_cover",0.864133334159851,0.0407043141991886
"prseas",317.353333333333,73.0461044688631
"elevation",1936.49333333333,462.38550908918
